0.22500000000000003,0.9250000000000002,0.6750000000000002,-0.5716596666666667,-0.05483123333333334,-0.028842966666666667,0.5819809361666667,0.11290264188113483,3
0.2750000000000001,0.8750000000000002,0.7750000000000001,-0.724781,0.06583749666666668,-0.1502962,0.8183343410333334,0.17159453582526227,3
0.32500000000000007,0.9750000000000002,0.6250000000000001,-0.5538703333333334,-0.10488043333333334,-0.07824366666666666,0.6498570818666667,0.3383942655917238,3
0.3750000000000001,0.7250000000000002,0.5250000000000001,-0.4749413333333334,-0.05404193333333333,-0.2155889666666667,0.5539583454,0.2835589256316808,3
0.5250000000000001,0.9250000000000002,0.6250000000000001,-0.4674123333333333,-0.044762253333333335,-0.14994546666666667,0.5621605551666667,0.2340721226840159,3
0.5250000000000001,0.8250000000000002,0.7750000000000001,-0.45679733333333333,-0.1101158,0.11789823333333332,0.5205677788333333,0.16738971868122432,3
0.5250000000000001,0.9750000000000002,0.9250000000000002,-0.41724433333333333,-0.12957896666666668,0.04591833333333332,0.4778982871,0.0482679329732431,3
0.5250000000000001,0.7750000000000001,1.0750000000000002,-0.5374580000000001,-0.06073166666666666,0.04967549999999999,0.5808122237666666,0.10184314339477625,3
0.5750000000000002,0.8250000000000002,0.4750000000000001,-0.6380613333333334,-0.2882496666666667,-0.24623123333333333,0.7994875220000001,0.21686101963893978,3
0.5750000000000002,0.7750000000000001,0.5750000000000002,-0.55043025,-0.07300825,-0.10749322499999998,0.6540733627249999,0.24144839440432944,4
0.5750000000000002,0.7750000000000001,0.6750000000000002,-0.5736746666666667,-0.17219453333333334,0.23295623333333335,0.6750954814,0.1509735247648938,3
0.5750000000000002,0.8750000000000002,0.6750000000000002,-0.5055573333333334,-0.10458383333333332,-0.11268316666666667,0.5716858432666667,0.07181238835471168,3
0.6250000000000001,0.8250000000000002,0.5750000000000002,-0.677152,-0.24444966666666668,-0.10985216666666668,0.7307116183333333,0.25744711399809395,3
0.6250000000000001,1.0750000000000002,0.6250000000000001,-0.640535,0.08102400000000001,-0.2698197666666667,0.7281030299000001,0.4753969699990763,3
0.6250000000000001,1.1250000000000002,0.7250000000000002,-0.5118566666666666,0.17888817666666668,-0.1277271,0.5765628513,0.21290414920092812,3
0.6250000000000001,0.6250000000000001,0.8750000000000002,-0.47748199999999996,-0.050141500000000006,0.11459183333333332,0.49958743080000007,0.20901849067968778,3
0.6750000000000002,1.1250000000000002,0.6250000000000001,-0.5793389999999999,-0.013267166666666682,-0.23794199999999996,0.7480668479666667,0.11364247769404853,3
0.6750000000000002,1.0250000000000001,0.6750000000000002,-0.6486205,-0.027047424999999993,0.08613062249999998,0.7220279263749999,0.33027589351685366,4
0.6750000000000002,0.9750000000000002,0.7250000000000002,-0.54886,0.014534499999999997,-0.130039,0.6085157490333333,0.23542462972956116,3
0.6750000000000002,0.8750000000000002,0.8250000000000002,-0.6566286666666666,0.030605380000000005,-0.145927,0.6819430423666666,0.3281297199090037,3
0.6750000000000002,0.9250000000000002,0.8750000000000002,-0.6584313333333334,-0.03893003333333333,-0.0133078,0.689739239,0.03945909901602477,3
0.6750000000000002,1.1250000000000002,0.8750000000000002,-0.5426516666666666,0.09229563333333334,-0.08474703333333332,0.5845350089333333,0.10049309612838851,3
0.7250000000000002,0.6750000000000002,0.8750000000000002,-0.6456996666666667,-0.1260966,0.11295276666666665,0.7396949678333332,0.231807512163059,3
0.7250000000000002,0.7750000000000001,0.8750000000000002,-0.739434,0.09525679999999999,0.0795679,0.7950736730000001,0.16259660186781646,3
0.7250000000000002,0.9750000000000002,0.8750000000000002,-0.666385,0.16801325,0.11578850000000002,0.717212554225,0.12017656555223172,4
0.7750000000000001,0.9250000000000002,0.4750000000000001,-0.6194306666666668,-0.255237,0.018970800000000003,0.6728604697333335,0.04367649756300077,3
0.7750000000000001,0.9250000000000002,0.5750000000000002,-0.7233963333333334,0.04962038666666666,-0.06426383333333334,0.7517338624000001,0.18773729793784455,3
0.8250000000000002,1.0750000000000002,0.8250000000000002,-0.6098879999999999,0.09322433333333335,-0.31448366666666666,0.7219277499666666,0.3239176381450075,3
0.8250000000000002,0.9250000000000002,0.9250000000000002,-0.7270533333333334,0.11133233333333335,-0.12940983333333334,0.8048636850666666,0.10981675157087678,3
0.8750000000000002,0.9250000000000002,0.5750000000000002,-0.6199297500000001,-0.049142450000000004,0.0190009,0.68292897105,0.1780760054252238,4
0.8750000000000002,1.0750000000000002,0.5750000000000002,-0.6628783333333333,-0.18046050000000002,-0.22279166666666664,0.7688364575666667,0.2068337143916312,3
0.8750000000000002,0.8750000000000002,0.6750000000000002,-0.6367526666666666,0.040873136666666664,0.26317623333333334,0.7437889024,0.08792185025640682,3
0.8750000000000002,1.0250000000000001,0.6750000000000002,-0.6486843333333333,-0.0278149,-1.333333333333279e-05,0.6760019187,0.035086967417382584,3
0.9250000000000002,0.9250000000000002,0.6750000000000002,-0.579959,-0.168057,0.08452543333333334,0.6256047576333333,0.2635993156650166,3
0.9750000000000002,0.9750000000000002,0.4750000000000001,-0.5189576666666667,-0.19274070000000001,-0.07176566666666663,0.6286917691333334,0.14882733842694235,3
0.9750000000000002,1.0750000000000002,0.6250000000000001,-0.7428703333333333,-0.287906,-0.29138033333333335,0.8595653549333333,0.06695198108263137,3
0.9750000000000002,0.9250000000000002,0.6750000000000002,-0.4610896666666666,-0.18986466666666665,-0.2750322333333333,0.6246781889666666,0.021581736399162783,3
0.9750000000000002,0.9750000000000002,0.7250000000000002,-0.70779675,0.063883775,0.286119775,0.7992227699250001,0.15477268452532444,4
0.9750000000000002,0.9750000000000002,0.7750000000000001,-0.544736,0.1502721,-0.03058233333333334,0.6483354001,0.066509480728506,3
1.0250000000000001,1.0250000000000001,0.6250000000000001,-0.49235075,0.08659910000000001,0.08728449999999999,0.5792689934999999,0.2408575193583935,4
1.0250000000000001,0.7750000000000001,0.6750000000000002,-0.56139,-0.03591343333333333,0.19879476666666665,0.6250617701666666,0.3429898866786059,3
1.0250000000000001,0.6250000000000001,0.7750000000000001,-0.6772090000000001,-0.0455152,0.12449899999999998,0.7106807737666667,0.06745889323028485,3
1.0250000000000001,0.9750000000000002,0.7750000000000001,-0.455713,0.09703695666666666,0.012511536666666672,0.5286110948,0.22044614593393005,3
1.0250000000000001,0.9250000000000002,0.8250000000000002,-0.757596,-0.015124399999999996,0.11091086666666666,0.7877869241000001,0.09013976839129366,3
1.0750000000000002,0.9750000000000002,0.6250000000000001,-0.7983376666666667,-0.11682803333333332,0.34290899999999996,0.8874597463000001,0.12454530623030163,3
1.0750000000000002,0.7750000000000001,0.7250000000000002,-0.56448,0.08227206666666666,-0.051454333333333324,0.6199806701,0.3245723423496669,3
1.0750000000000002,0.9750000000000002,0.9750000000000002,-0.37455325,0.050911200000000004,-0.09055374999999999,0.5108049938,0.26803813592741144,4
1.1250000000000002,1.0750000000000002,0.6250000000000001,-0.43719833333333336,0.14291326666666668,-0.29047833333333334,0.5595847163333333,0.10454134549018773,3
1.1250000000000002,1.175,0.6750000000000002,-0.6731243333333333,0.021169723333333335,-0.25389533333333336,0.7494901949999999,0.3703353573771115,3
1.1250000000000002,0.6750000000000002,0.7750000000000001,-0.566747,-0.13278086666666666,0.13795623333333332,0.6262591695999999,0.39625671413295255,3
1.1250000000000002,0.9250000000000002,0.7750000000000001,-0.72574025,0.15092080000000002,0.2074558225,0.7964140254750001,0.3899281237215412,4
1.175,1.0250000000000001,0.5750000000000002,-0.6685177999999999,-0.25107014,0.15363008,0.79467304824,0.1406122519356323,5
1.175,1.1250000000000002,0.5750000000000002,-0.795685,0.07575035000000001,-0.10325909999999999,0.8170087857000001,0.2324120839611523,4
1.175,0.9750000000000002,0.6250000000000001,-0.6512933333333333,-0.14354766666666666,0.29824866666666666,0.7910587512666667,0.22668916270491785,3
1.175,1.0750000000000002,0.6250000000000001,-0.6317623333333334,-0.20991866666666667,-0.29965100000000006,0.7621328921666667,0.12105547918644478,3
1.175,1.0250000000000001,0.7250000000000002,-0.5737486666666668,0.05991596666666666,-0.006873666666666667,0.6480987819666667,0.28796442062885375,3
1.225,0.9750000000000002,0.5250000000000001,-0.7047746666666667,-0.205878,-0.384647,0.8610114104666667,0.16304129181634872,3
1.225,1.0250000000000001,0.5750000000000002,-0.7641715,-0.20460309999999998,-0.12949950000000005,0.9187402874749999,0.10322035427284713,4
1.225,1.175,0.5750000000000002,-0.9234260000000001,0.02487220000000001,-0.38907733333333333,1.0346425723,0.130511539141245,3
1.225,1.1250000000000002,0.6250000000000001,-0.6631133333333333,0.1298116666666667,-0.24569363333333336,0.7773766929999999,0.1987451577356646,3
1.225,1.225,0.6250000000000001,-0.76676725,0.06807572499999999,-0.19767200000000001,0.8043861458999999,0.187915823587317,4
1.225,1.0750000000000002,0.7250000000000002,-0.3482371,-0.07935725,-0.2755475,0.629729104825,0.2864415170853792,4
1.225,1.175,0.7250000000000002,-0.7886503333333333,-0.08005896666666666,0.15749169999999998,0.8767433883666667,0.2146622147569302,3
1.225,0.6750000000000002,0.7750000000000001,-0.459096,-0.11098663333333332,-0.08012966666666667,0.5274096079333334,0.07898260814064585,3
1.225,0.9250000000000002,0.7750000000000001,-0.9105149999999999,0.16880916666666668,0.08077723333333335,0.9539746222666666,0.3411769777620668,3
1.225,1.0250000000000001,0.7750000000000001,-0.47359533333333337,0.2747406666666667,-0.05235900000000001,0.7229104032999999,0.3225577522452535,3
1.2750000000000001,0.7250000000000002,0.5750000000000002,-0.5330356666666667,-0.16171133333333335,0.073003,0.6145217929333334,0.17854987479297,3
1.2750000000000001,1.175,0.5750000000000002,-0.82045575,-0.17305397500000003,-0.37492175000000005,0.9351100383,0.07969717927335787,4
1.2750000000000001,0.8250000000000002,0.6750000000000002,-0.5942263333333333,-0.10427230000000003,0.1949514333333333,0.6800741861,0.15428063010842202,3
1.2750000000000001,1.1250000000000002,0.6750000000000002,-0.9223646666666667,-0.01583616666666667,-0.35995333333333335,1.0326486502999999,0.14176688708125415,3
1.2750000000000001,0.9750000000000002,0.7250000000000002,-0.8208163333333333,0.07327833333333335,-0.036803666666666665,0.8499567459666667,0.08349060939451702,3
1.2750000000000001,1.175,0.7750000000000001,-0.6788313333333335,0.173773512,0.10368466666666666,0.7719334991000001,0.24803048982243997,3
1.2750000000000001,1.1250000000000002,0.8750000000000002,-0.5944453333333333,-0.07569466666666667,-0.2223142,0.7754922178666667,0.2860157750700288,3
1.2750000000000001,0.9250000000000002,0.9250000000000002,-0.740512,-0.002784433333333327,-0.16351733333333332,0.7869943555,0.22897909703873956,3
1.3250000000000002,0.8750000000000002,0.4750000000000001,-0.6315,-0.11725723333333332,-0.08889600000000002,0.7173103810666666,0.1424147458481452,3
1.3250000000000002,1.0250000000000001,0.5750000000000002,-0.8089696666666667,-0.3134346333333333,-0.02816233333333333,0.9396346791666667,0.21364731853392974,3
1.3250000000000002,0.9750000000000002,0.6250000000000001,-0.5398503333333333,0.18652666666666665,0.06781023666666665,0.6110628274666666,0.05333915479495655,3
1.3250000000000002,1.1250000000000002,0.7250000000000002,-0.9420002500000001,0.0007793199999999965,-0.24150275000000004,0.995644106,0.17388911066968082,4
1.3250000000000002,1.175,0.7750000000000001,-0.5940413333333333,0.09994733333333329,-0.06785696666666667,0.7108222578666666,0.08636302029884246,3
1.3250000000000002,0.9750000000000002,0.8750000000000002,-1.0359463333333334,-0.016416400000000008,-0.09493396666666669,1.064436402,0.03674199737074735,3
1.3250000000000002,0.9750000000000002,0.9250000000000002,-0.5588683333333334,0.078386,0.04658199999999999,0.6082560187,0.09328128334982007,3
1.3750000000000002,1.0750000000000002,0.5750000000000002,-0.64727225,-0.2661295,-0.130675575,0.7445749973,0.3416403980714883,4
1.3750000000000002,0.8750000000000002,0.6250000000000001,-0.6514693333333333,-0.205379,0.39016333333333336,0.8448994436666665,0.25351194074616945,3
1.3750000000000002,1.0250000000000001,0.6250000000000001,-0.878766,0.05754640333333333,0.043959499999999985,0.9252007365666667,0.3075465964192028,3
1.3750000000000002,1.0750000000000002,0.6250000000000001,-0.6731210000000001,0.12938766666666668,-0.5085353333333333,0.8945071924333333,0.21280273831057214,3
1.3750000000000002,0.9750000000000002,0.6750000000000002,-0.6209263333333334,-0.043347899999999995,-0.0077326666666666655,0.7403252370333333,0.3264580409535642,3
1.3750000000000002,1.1250000000000002,0.7750000000000001,-0.7418489999999999,0.011461333333333323,-0.010546333333333324,0.7929298556333334,0.1491187372498473,3
1.3750000000000002,0.8250000000000002,0.8250000000000002,-0.7759686666666666,0.0019516666666666664,0.0669879,0.8336828484333333,0.09760635531522245,3
1.4250000000000003,0.9750000000000002,0.5750000000000002,-0.54392625,-0.47011475,-0.016814499999999996,0.831391277625,0.25549730171987267,4
1.4250000000000003,1.0750000000000002,0.6250000000000001,-0.7475940000000001,-0.07090859999999999,-0.30528025000000003,0.8444690133749999,0.20546761103237005,4
1.4250000000000003,1.2750000000000001,0.6250000000000001,-0.588038,-0.009909999999999995,-0.14996009999999999,0.688417023175,0.27471317457421207,4
1.4250000000000003,1.2750000000000001,0.6750000000000002,-0.8104293333333333,0.1375286,-0.32175936666666666,0.9216834342666665,0.15001800058960454,3
1.4250000000000003,0.5250000000000001,0.7750000000000001,-0.46392133333333335,-0.0004514666666666685,-0.198599,0.5288379400333333,0.5223368747679159,3
1.4250000000000003,1.0250000000000001,0.9250000000000002,-0.5962266666666666,-0.10740299999999998,-0.06944866666666667,0.6794040672333334,0.24005691469197632,3
1.475,1.0250000000000001,0.6750000000000002,-0.6894073333333334,-0.14193644,-0.15565773333333333,0.7633009224,0.024172804807229574,3
1.475,1.1250000000000002,0.6750000000000002,-0.90952975,0.009163700000000004,-0.46329075,1.046397843175,0.2813751266883029,4
1.475,0.8750000000000002,0.7250000000000002,-0.8161393333333334,-0.11784833333333333,0.351467,0.9328443192666667,0.22120115241764846,3
1.475,1.1250000000000002,0.8250000000000002,-0.8013076666666668,0.14309333333333332,-0.41767399999999993,0.9760286125666665,0.18474927013781547,3
1.5250000000000001,0.9250000000000002,0.5250000000000001,-0.88048,-0.2336655,-0.12616299999999997,1.0045096575999999,0.2998776839294549,3
1.5250000000000001,1.1250000000000002,0.5750000000000002,-0.7168856,0.026941661999999995,-0.379158,0.8423250807,0.17828487390719674,5
1.5250000000000001,1.175,0.5750000000000002,-0.766768,-0.10193167500000001,-0.5028365,0.955479588575,0.16813104348976146,4
1.5250000000000001,0.9750000000000002,0.6250000000000001,-1.110037,-0.3673116666666667,0.11473583333333333,1.1820032938333334,0.17128223018276814,3
1.5250000000000001,1.0750000000000002,0.6250000000000001,-1.000926,-0.31293584999999996,-0.31813772500000004,1.18703308925,0.11684915857758112,4
1.5250000000000001,1.2750000000000001,0.6250000000000001,-0.7117671999999999,0.030369940000000005,-0.06640559999999998,0.76248664654,0.16000262949374336,5
1.5250000000000001,0.9750000000000002,0.6750000000000002,-0.8125425000000001,-0.061516777499999994,0.169125175,0.8868877789,0.33698162440617546,4
1.5250000000000001,1.175,0.6750000000000002,-0.9624346666666664,0.3358676,-0.32817766666666665,1.1156114153333332,0.06422977623330431,3
1.5250000000000001,1.175,0.7250000000000002,-0.8858786666666667,0.30624066666666666,-0.012549333333333338,0.9630143000666666,0.030919974722834965,3
1.5250000000000001,1.225,0.7250000000000002,-0.8441703333333334,-0.03368366666666667,0.22573903333333334,0.9035997651000001,0.09399979831614795,3
1.5250000000000001,1.0750000000000002,0.8250000000000002,-0.7660243333333333,0.1141638,-0.45129033333333335,0.919564688,0.3589314881506775,3
1.5250000000000001,1.1250000000000002,0.8250000000000002,-0.5846085000000001,0.0026470249999999973,-0.2746645,0.73344127225,0.2564510021502441,4
1.5250000000000001,1.175,0.8250000000000002,-0.6731766666666666,0.30298813333333335,-0.19460143333333332,0.8203413395666667,0.0634656640687502,3
1.5250000000000001,0.9250000000000002,0.8750000000000002,-0.75501275,0.117689325,-0.07315179999999999,0.806368561975,0.48981862189213377,4
1.5750000000000002,0.9750000000000002,0.6250000000000001,-0.7895179999999999,-0.27631399999999995,0.18130624999999997,0.8936673891750001,0.0984242516874075,4
1.5750000000000002,0.9250000000000002,0.6750000000000002,-0.8255753333333334,-0.09265396666666666,0.247687,0.8777360012000001,0.07202809494037746,3
1.5750000000000002,0.9750000000000002,0.6750000000000002,-0.78753225,0.028418974999999992,0.07327305,0.8284015759499999,0.2707169941463417,4
1.5750000000000002,1.1250000000000002,0.7250000000000002,-1.1554466666666665,0.13157974,-0.5613193333333333,1.3099409696666666,0.013686872630480296,3
1.5750000000000002,1.225,0.7250000000000002,-0.738506,0.060578249999999986,-0.1413641,0.853628033875,0.3217586747881342,4
1.6250000000000002,1.1250000000000002,0.4750000000000001,-0.59549,-0.1469032015,-0.19563750000000002,0.7161234133666667,0.315129472902592,6
1.6250000000000002,0.9750000000000002,0.5750000000000002,-1.0549066666666667,-0.39493366666666674,-0.040584600000000005,1.1393457836666665,0.0546949924051661,3
1.6250000000000002,1.175,0.6750000000000002,-1.0750083333333336,0.05639203666666667,-0.19794423333333333,1.1089710296666666,0.09063400534269128,3
1.6250000000000002,1.225,0.6750000000000002,-0.8571493333333334,0.13047646666666665,-0.14252413333333333,0.9754933184333333,0.16658492756490756,3
1.6250000000000002,1.2750000000000001,0.6750000000000002,-0.7522945000000001,0.10844797499999999,-0.29113225,0.8287637896999999,0.21010690040674984,4
1.6250000000000002,1.225,0.7250000000000002,-0.6731716666666667,0.23404066666666665,-0.2206766,0.7804713023000001,0.2852881300559148,3
1.6250000000000002,1.2750000000000001,0.7250000000000002,-0.6133355,0.12544505,-0.34820872499999994,0.74970228325,0.1801544879525183,4
1.6250000000000002,0.8750000000000002,0.8250000000000002,-0.7622043333333334,0.06595366666666666,0.07000756666666669,0.8102278887666667,0.20149411162294956,3
1.6250000000000002,0.9750000000000002,0.8750000000000002,-1.0011109999999999,0.209166075,0.03341724999999998,1.108141801925,0.16902263997985248,4
1.6750000000000003,0.5750000000000002,0.5250000000000001,-0.374426,-0.19513800000000003,0.03840699999999999,0.5023406750666667,0.0791073580116256,3
1.6750000000000003,0.9750000000000002,0.5250000000000001,-0.9791276666666665,-0.47593883333333337,-0.19690928333333332,1.1511758345166667,0.15529820286247095,6
1.6750000000000003,1.1250000000000002,0.5250000000000001,-0.7202276666666666,-0.15002738999999998,0.04389493333333333,0.7629002443,0.24604955416342278,3
1.6750000000000003,0.9250000000000002,0.5750000000000002,-0.821367,-0.5193009999999999,0.09078599999999999,1.0167290233333333,0.1834236314289364,3
1.6750000000000003,1.1250000000000002,0.6250000000000001,-1.0137747499999998,0.016703600000000006,-0.4382105,1.1191225612499998,0.0836648206740762,4
1.6750000000000003,1.225,0.6750000000000002,-0.84531,0.10911166666666668,-0.45175066666666663,1.0159910241,0.05520622098982603,3
1.6750000000000003,1.1250000000000002,0.7250000000000002,-1.044034,0.09336826666666666,-0.2370196666666667,1.145473107,0.07827202990634487,3
1.6750000000000003,1.225,0.7250000000000002,-0.67716175,0.11538137500000001,-0.15374875000000002,0.79962027755,0.13463319079692967,4
1.6750000000000003,1.3250000000000002,0.7250000000000002,-0.7036986666666666,0.38137933333333335,0.08860375999999999,0.8328230492333333,0.36009587743765903,3
1.6750000000000003,1.225,0.8250000000000002,-0.7279913333333333,0.23632650000000002,-0.0602781,0.7829558295333333,0.26776811675661916,3
1.6750000000000003,0.7750000000000001,0.8750000000000002,-0.470583,-0.13966616666666667,0.020211800000000002,0.5331186911,0.12507737909103078,3
1.7250000000000003,1.0250000000000001,0.5250000000000001,-0.963114,-0.43012733333333336,-0.09756633333333331,1.0970276725666668,0.14094278864255125,3
1.7250000000000003,1.0250000000000001,0.6750000000000002,-0.90600675,-0.05271447500000001,-0.06074099999999999,1.1191800347499998,0.09853593112525318,4
1.7250000000000003,1.0750000000000002,0.7250000000000002,-0.840688,0.18051239999999996,-0.39965275,0.96546206145,0.1984994975081742,4
1.7250000000000003,1.1250000000000002,0.7250000000000002,-0.9137453333333334,0.193848,-0.30916133333333334,1.0103100860666667,0.04765145760891595,3
1.7250000000000003,0.9250000000000002,0.7750000000000001,-0.7831046666666666,0.12961303333333332,0.2933671,0.8851987091,0.08061031892835732,3
1.7250000000000003,1.0250000000000001,0.7750000000000001,-1.034484,0.396071,-0.15520460000000003,1.1605413960333333,0.14598675037963033,3
1.7250000000000003,0.8250000000000002,0.8250000000000002,-0.8717033333333334,0.04158575333333333,-0.08497203333333332,0.9235520865333333,0.23402801333120812,3
1.7250000000000003,1.0250000000000001,0.8250000000000002,-0.9492775,0.36378774999999997,-0.23134315,1.075477539125,0.23640691303294087,4
1.7250000000000003,1.1250000000000002,0.8250000000000002,-0.6880716666666666,0.29817066666666664,-0.16645400000000002,0.8478355039333332,0.3068012968196217,3
1.7250000000000003,1.0250000000000001,0.8750000000000002,-0.79600775,0.3897785,-0.03220897499999999,0.9571838759,0.33021279787919855,4
1.7750000000000004,0.9250000000000002,0.5250000000000001,-0.743771,-0.3816495,-0.133957425,0.880635230375,0.2781374377915472,4
1.7750000000000004,1.0750000000000002,0.5750000000000002,-0.8855798,-0.17613627999999998,-0.31628439999999997,1.00616459264,0.2581511827039297,5
1.7750000000000004,1.1250000000000002,0.5750000000000002,-0.8860933333333333,-0.3420473333333333,-0.2771037,1.0101399696333333,0.425276923960635,3
1.7750000000000004,0.9250000000000002,0.6250000000000001,-0.94098,-0.3305353,0.31784283333333335,1.1045234420666665,0.14748134999528797,3
1.7750000000000004,0.9250000000000002,0.6750000000000002,-1.0426155,-0.061343,0.490047,1.187686599,0.07884640212380363,4
1.7750000000000004,1.0250000000000001,0.6750000000000002,-0.6847373333333332,0.13535176666666668,-0.18728816666666667,0.7892407316333334,0.40004329906598796,3
1.7750000000000004,1.225,0.6750000000000002,-1.0634516666666667,0.2560903333333333,-0.3725951666666667,1.188802282,0.05997610100512375,3
1.7750000000000004,1.225,0.8250000000000002,-0.6726143333333332,-0.09978793333333331,0.016356866666666674,0.7789719255666666,0.11967975158022963,3
1.7750000000000004,1.0250000000000001,0.8750000000000002,-0.7719543333333334,0.10887633333333334,0.1916095666666667,0.9038163428666667,0.3444319586358,3
1.7750000000000004,1.175,0.9250000000000002,-0.74423225,0.0846360025,-0.020983575000000004,0.7950224912750001,0.2642451969115366,4
1.8250000000000002,0.9750000000000002,0.5750000000000002,-1.009522,-0.37757425000000006,0.005209975000000006,1.17522998025,0.12340739685885149,4
1.8250000000000002,1.1250000000000002,0.5750000000000002,-0.8399468000000001,-0.14453887999999998,-0.30387119999999995,0.9748023084200002,0.2215735969569015,5
1.8250000000000002,1.0250000000000001,0.6250000000000001,-0.8330270000000001,-0.21907549999999998,-0.45593600000000006,1.0078379583333332,0.28145655427457067,3
1.8250000000000002,1.1250000000000002,0.6250000000000001,-0.9791053333333334,-0.13510006666666668,-0.5018900000000001,1.131686169,0.06588667136816297,3
1.8250000000000002,1.175,0.6250000000000001,-0.9180470000000001,0.14903033333333335,-0.3998486666666667,1.0349985679666667,0.26973334770108637,3
1.8250000000000002,1.225,0.7250000000000002,-0.7805742499999999,-0.01186052500000001,-0.354269,0.8793518633,0.29964853927389945,4
1.8250000000000002,1.1250000000000002,0.7750000000000001,-1.1455466666666665,0.29949866666666664,-0.34672166666666665,1.3057228126666667,0.07794553733274583,3
1.8250000000000002,0.9250000000000002,0.8750000000000002,-1.1396546666666667,0.07768086666666667,0.22390089999999999,1.1748428845,0.16323893322167105,3
1.8250000000000002,1.1250000000000002,0.8750000000000002,-0.8107706666666669,0.09043666666666668,-0.2587093333333333,0.9242853179999999,0.25682506049584125,3
1.8250000000000002,1.2750000000000001,0.8750000000000002,-0.4369986666666667,0.006223666666666655,-0.08211399999999999,0.5115248054666667,0.30881054438085825,3
1.8750000000000002,1.0750000000000002,0.5750000000000002,-1.059494,-0.2563123333333333,-0.3096103333333333,1.25065048,0.07544648211956043,3
1.8750000000000002,1.225,0.5750000000000002,-0.6488416666666666,-0.13562256666666664,0.22198066666666663,0.7405935075666666,0.02298701239743521,3
1.8750000000000002,0.9750000000000002,0.6250000000000001,-1.177835,-0.45286075,0.131021725,1.2855807165,0.10558875650807609,4
1.8750000000000002,1.0750000000000002,0.6250000000000001,-1.0683853333333333,-0.28309466666666666,-0.5389833333333334,1.273072461,0.040302279949728306,3
1.8750000000000002,1.175,0.6250000000000001,-0.5791795000000001,0.015711708499999994,-0.24257615,0.682756778275,0.3507812240361749,4
1.8750000000000002,1.225,0.6250000000000001,-0.48391566666666663,-0.24696566666666667,-0.183148,0.6306778364333333,0.27710667463244326,3
1.8750000000000002,1.175,0.6750000000000002,-1.000422666666667,0.1989192333333333,-0.4320663333333334,1.1155079537666668,0.20395389292957475,3
1.8750000000000002,1.225,0.6750000000000002,-0.833003,0.12462033333333333,-0.14875166666666667,0.8971126597333333,0.16689428249744692,3
1.8750000000000002,1.0750000000000002,0.7250000000000002,-1.035993666666667,0.2569904666666667,-0.2689023333333333,1.1238393751666667,0.10810391162118024,3
1.8750000000000002,0.9250000000000002,0.7750000000000001,-0.8521656666666667,0.33382333333333336,0.2762466666666667,1.0758193932,0.1510043805186459,3
1.8750000000000002,1.1250000000000002,0.7750000000000001,-0.9199515999999999,0.19943254,-0.24956652000000004,0.9986025022,0.3789702464311746,5
1.8750000000000002,0.9250000000000002,0.8750000000000002,-0.9156169999999998,0.21499933333333332,0.0738986,0.9672494251666667,0.2971006959182758,3
1.8750000000000002,1.0250000000000001,0.8750000000000002,-1.05672775,0.27122525,0.131860675,1.1279462982,0.15553559567176506,4
1.8750000000000002,1.0250000000000001,0.9250000000000002,-0.6945953333333333,0.12980253333333333,0.20750566666666667,0.8234620216666668,0.3831212596478402,3
1.8750000000000002,1.175,0.9250000000000002,-0.4609043333333333,-0.07105808999999999,0.021054066666666666,0.5140614918666667,0.24206401348851386,3
1.9250000000000003,1.175,0.5250000000000001,-0.5992683333333334,-0.20063109999999998,0.0020377333333333352,0.6462672958000001,0.1626421876400215,3
1.9250000000000003,1.0250000000000001,0.5750000000000002,-0.6539786666666667,-0.3826863333333333,-0.3171748666666666,0.8627723194333333,0.22625680173696128,3
1.9250000000000003,0.9750000000000002,0.6250000000000001,-0.9060593333333333,-0.3363146666666667,-0.025891999999999988,1.0309403317999999,0.20581773322988306,3
1.9250000000000003,1.175,0.6250000000000001,-0.8847006666666667,-0.048828666666666666,-0.2951836333333333,1.0234727015,0.03386761243151376,3
1.9250000000000003,1.2750000000000001,0.6250000000000001,-0.5785256666666666,-0.126929,-0.09289313333333334,0.6466473646666667,0.27530081519132105,3
1.9250000000000003,1.1250000000000002,0.6750000000000002,-0.9959723333333335,-0.079798,-0.4415576666666667,1.1231129352666667,0.13678143712270124,3
1.9250000000000003,1.0750000000000002,0.7250000000000002,-1.0261065,0.26223399999999997,-0.09425208,1.118714259625,0.08576468566467135,4
1.9250000000000003,0.7750000000000001,0.7750000000000001,-0.6712143333333334,-0.006389300000000005,0.05836623333333333,0.7742747182,0.2817821347214455,3
1.9750000000000003,0.8750000000000002,0.6250000000000001,-0.8490586666666666,-0.24103433333333335,0.60588,1.0812829149666665,0.08909384255662987,3
1.9750000000000003,1.0250000000000001,0.6250000000000001,-0.980225,-0.5259563333333334,-0.17371620000000002,1.2344463243333332,0.08190291120479527,3
1.9750000000000003,0.9250000000000002,0.6750000000000002,-0.9346533333333333,-0.2856607666666667,0.28454566666666664,1.0462137527333333,0.1871880390613997,3
1.9750000000000003,0.9750000000000002,0.6750000000000002,-0.626615,0.12994217666666666,0.20513599999999999,0.7201725239333334,0.21378084693386545,3
1.9750000000000003,1.175,0.6750000000000002,-1.0253583333333334,-0.07473333333333333,-0.4906616666666667,1.1921282833333333,0.02745358914933848,3
1.9750000000000003,1.225,0.6750000000000002,-1.070004,0.151972775,-0.36594975,1.1706686729000002,0.1786299604990781,4
1.9750000000000003,1.0750000000000002,0.7250000000000002,-0.9630605,0.29723325,-0.026823274999999987,1.06010073475,0.039519326824017154,4
1.9750000000000003,0.7750000000000001,0.7750000000000001,-0.2854116666666667,0.24404100000000004,0.0327242,0.4131504492,0.08290322390040678,3
1.9750000000000003,1.0250000000000001,0.7750000000000001,-0.9822843333333333,0.35425966666666664,-0.25917866666666667,1.0776750198,0.06663675287343476,3
1.9750000000000003,0.9250000000000002,0.8250000000000002,-1.0180445,0.27275575,0.1740237,1.1001547340500002,0.2280214131982442,4
1.9750000000000003,1.0250000000000001,0.8250000000000002,-1.1301685,0.2532548,0.034067125,1.17519859125,0.1636849540060456,4
1.9750000000000003,1.175,0.8750000000000002,-0.8634796666666668,0.18629266666666666,0.04444433333333334,0.9857470639333332,0.17091877874059888,3
2.0250000000000004,1.1250000000000002,0.5750000000000002,-0.7034033333333333,-0.3246136666666667,0.23399826666666668,0.8672104317666666,0.24800602864228585,3
2.0250000000000004,1.1250000000000002,0.6250000000000001,-1.0144667500000002,-0.11611422999999998,-0.284315,1.13815325725,0.11093612247006154,4
2.0250000000000004,1.175,0.6750000000000002,-0.992772,0.116095,-0.14397266666666667,1.1134729958,0.1128810874049566,3
2.0250000000000004,1.0750000000000002,0.7250000000000002,-1.0163573333333333,0.17129626666666667,-0.442987,1.2056233836666665,0.09219837040991807,3
2.0250000000000004,1.175,0.7250000000000002,-0.8558095000000001,0.18317762499999998,-0.25444175,0.9618009423500001,0.20189774853680442,8
2.0250000000000004,0.8750000000000002,0.7750000000000001,-1.0181099999999998,0.012277066666666664,0.32725916666666666,1.0999912113333332,0.17711535968125314,3
2.0250000000000004,0.8250000000000002,0.8250000000000002,-0.622862,-0.001469866666666662,0.005905666666666642,0.6886870412,0.46749256559326985,3
2.0250000000000004,0.9750000000000002,0.8250000000000002,-0.79582625,0.15346925000000003,-0.020616249999999992,0.89179726385,0.26260591577528414,4
2.0250000000000004,1.0250000000000001,0.8250000000000002,-1.1331333333333335,0.2540287666666667,-0.03392770733333333,1.1878528736666665,0.05348665306705413,3
2.0250000000000004,1.225,0.8750000000000002,-0.48783100000000007,0.000320833333333335,-0.17980493333333336,0.6038000623666666,0.24119547373893555,3
2.075,0.9750000000000002,0.5250000000000001,-0.6049356666666666,-0.249703,-0.10361063333333335,0.6992333573999999,0.20882717323370736,3
2.075,0.9250000000000002,0.6250000000000001,-0.8505446666666666,-0.49775300000000006,0.122998,1.0301634358,0.21654720984631268,3
2.075,1.0250000000000001,0.6250000000000001,-0.8509834,-0.5461652,-0.0014807999999999987,1.0469677602,0.34374303954521257,5
2.075,1.0750000000000002,0.6250000000000001,-1.0683256666666665,-0.292032,-0.18415066666666666,1.1535714056666666,0.03928751752455948,3
2.075,1.1250000000000002,0.6250000000000001,-1.1017066666666666,-0.04286270000000001,-0.3488416666666667,1.1867796973,0.2548166623011651,3
2.075,0.9750000000000002,0.6750000000000002,-0.504377,-0.022615666666666683,0.05490399999999998,0.6429187777666666,0.27399384362170104,3
2.075,1.0750000000000002,0.6750000000000002,-1.052498,-0.08495062,-0.51882575,1.197443269,0.06395809466951484,4
2.075,1.0250000000000001,0.7250000000000002,-0.7600396666666667,0.3542413833333333,-0.16946699999999995,0.9357494757666666,0.2925066639319408,3
2.075,1.0750000000000002,0.7250000000000002,-1.14316,0.10018909,-0.6542546666666667,1.355340537,0.07910522379101141,3
2.075,1.0750000000000002,0.7750000000000001,-1.1829825,0.217344625,-0.33357862499999996,1.28653869575,0.10545452948966609,4
2.075,0.8750000000000002,0.8750000000000002,-0.7502817500000001,0.045015774999999994,0.07921625,0.8572502288,0.44280051709349894,4
2.075,0.9750000000000002,0.8750000000000002,-0.7236288,0.2598408,-0.13018826,0.8477575680799999,0.26397934386516325,5
2.075,1.1250000000000002,0.8750000000000002,-0.9478297499999999,0.25733375,0.13136023425,1.00612758285,0.25510155875087703,4
2.075,1.1250000000000002,0.9250000000000002,-0.5798086666666666,0.26123066666666667,0.04838643333333333,0.6679019369666667,0.16907211159792263,3
2.1250000000000004,1.0750000000000002,0.6250000000000001,-0.9912286666666666,-0.19153266666666666,-0.21749733333333332,1.0609881407333333,0.20475058828832626,3
2.1250000000000004,1.1250000000000002,0.6250000000000001,-1.25739075,-0.137013,-0.499146,1.3802355355749998,0.20485667905663396,4
2.1250000000000004,1.1250000000000002,0.6750000000000002,-1.0556456666666667,-0.16842156666666666,-0.42676033333333335,1.1693318588333332,0.15907601991081632,3
2.1250000000000004,0.9750000000000002,0.7250000000000002,-0.9449946666666666,0.39981833333333333,-0.0005686666666666432,1.0638584987,0.17122408703125658,3
2.1250000000000004,1.0750000000000002,0.7250000000000002,-1.1807,0.18810333333333337,-0.4267463333333333,1.2929009336666666,0.1266360751071361,3
2.1250000000000004,1.1250000000000002,0.7750000000000001,-1.036228,0.279856675,-0.08772179999999999,1.085147267275,0.14284382765194803,4
2.1250000000000004,0.9250000000000002,0.8250000000000002,-1.0505076,0.3114352,-0.009679679999999982,1.11996949574,0.24010139802557826,5
2.1250000000000004,1.0250000000000001,0.8250000000000002,-1.102649,0.4195506666666667,0.005801433333333328,1.2151551344,0.1765184952205011,3
2.1250000000000004,1.0750000000000002,0.8250000000000002,-1.2492400000000001,0.3889556666666667,-0.3197566666666667,1.3513566253333333,0.08473594142572839,3
2.1250000000000004,1.1250000000000002,0.8250000000000002,-0.9841037499999999,0.44741675000000003,-0.20549822499999998,1.13100326625,0.045450924301360246,4
2.1250000000000004,0.9250000000000002,0.8750000000000002,-0.6629597500000001,0.090119325,0.004390499999999999,0.6900618493249999,0.3831112449978431,4
2.1250000000000004,1.0750000000000002,0.8750000000000002,-0.9045883333333333,0.2932473,0.07430690000000002,0.9853378907,0.16523422136276453,3
2.1250000000000004,1.175,0.8750000000000002,-0.7048983333333334,0.09093623000000002,-0.12435326666666668,0.8742668065,0.16870192356876282,3
2.1250000000000004,1.1250000000000002,0.9250000000000002,-0.7924476666666666,0.11236439999999999,0.22055666666666665,0.8483362533666666,0.2763205962414843,3
2.1750000000000003,1.1250000000000002,0.6250000000000001,-1.1268633333333336,-0.33517233333333335,-0.2795803333333333,1.2266202403333335,0.069975345966175,3
2.1750000000000003,1.0750000000000002,0.6750000000000002,-0.7553219999999999,-0.13216466666666668,-0.2414785,0.8695319607333333,0.26133455383147747,3
2.1750000000000003,1.1250000000000002,0.6750000000000002,-1.1027286666666667,0.10290933333333334,-0.6122856666666666,1.3107108936666665,0.08944987987808585,3
2.1750000000000003,0.9750000000000002,0.7250000000000002,-0.8764166666666666,0.4176296666666666,-0.06712386666666666,0.9962473542333333,0.22953430433869879,3
2.1750000000000003,1.0250000000000001,0.7250000000000002,-0.9494009999999999,0.3674041666666667,-0.5469016666666667,1.1715982178666666,0.22311804423762827,3
2.1750000000000003,1.1250000000000002,0.7250000000000002,-1.0838555,0.036449968666666666,-0.515687,1.2279851811666664,0.13797472641642458,6
2.1750000000000003,0.9250000000000002,0.7750000000000001,-1.1962533333333334,0.4654726666666667,-0.1148674,1.3037865403333333,0.1310278868371668,3
2.1750000000000003,1.0250000000000001,0.7750000000000001,-1.1303766666666668,0.46707499999999996,-0.19207746666666667,1.2594296323333334,0.06437305841278151,3
2.1750000000000003,1.0750000000000002,0.7750000000000001,-1.2810933333333334,0.36424366666666663,-0.09309058666666666,1.3437632543333333,0.08711763820411665,3
2.1750000000000003,0.9750000000000002,0.8250000000000002,-1.2451733333333335,0.4811823333333333,0.18601533333333334,1.3692843043333334,0.056795735151882486,3
2.1750000000000003,1.0250000000000001,0.8250000000000002,-1.1237865,0.48557775,-0.07288000000000004,1.3042248617499999,0.21968967379191912,4
2.1750000000000003,1.1250000000000002,0.8250000000000002,-1.09813175,0.395114,-0.07642610000000001,1.211527641025,0.24614369784981735,4
2.1750000000000003,1.0250000000000001,0.8750000000000002,-1.2283566666666665,0.35702800000000007,-0.07141966666666665,1.3314158880000002,0.10152259955522226,3
2.1750000000000003,1.0750000000000002,0.9250000000000002,-0.674319,-0.0647064,0.2752948,0.7989271389200001,0.44947253112972774,5
2.2250000000000005,0.9750000000000002,0.6250000000000001,-1.1272099999999998,-0.5953096666666666,0.2431801,1.3138941910000002,0.044395379122750614,3
2.2250000000000005,1.0750000000000002,0.6750000000000002,-1.0586727500000002,-0.326714,-0.26138331525,1.15996417965,0.22141471637897236,4
2.2250000000000005,1.0750000000000002,0.7250000000000002,-1.30121,0.0173415,-0.3101016666666667,1.398124619,0.020207522584249103,3
2.2250000000000005,0.8250000000000002,0.7750000000000001,-0.7683273333333333,-0.06845846666666668,0.16202193333333334,0.8267498534666666,0.43859516031381385,3
2.2250000000000005,0.9250000000000002,0.7750000000000001,-1.28522,0.48248800000000003,0.1283595,1.3867463693333333,0.13128314868551355,3
2.2250000000000005,0.9750000000000002,0.7750000000000001,-1.4136833333333334,0.47272566666666666,-0.3949586666666667,1.5546387733333331,0.06530955329944718,3
2.2250000000000005,1.1250000000000002,0.7750000000000001,-1.3273574000000001,0.29213866,-0.3081374,1.4184262352,0.20911045632623806,5
2.2250000000000005,1.175,0.7750000000000001,-0.968543142857143,0.3336437857142857,-0.3494099857142857,1.1088721988857144,0.28833503308620156,7
2.2250000000000005,0.9750000000000002,0.8250000000000002,-1.371365,0.37905449999999996,-0.114747925,1.479032856,0.08137141234494366,4
2.2250000000000005,1.0250000000000001,0.8250000000000002,-1.1004429999999998,0.36257175,0.029092050000000008,1.20419723425,0.26394381380574095,4
2.2250000000000005,0.9750000000000002,0.8750000000000002,-0.8225072499999999,0.38318549999999996,-0.12849400000000002,1.0024773388000001,0.39281219513531945,4
2.2250000000000005,1.0250000000000001,0.8750000000000002,-0.8976576666666666,0.20787219999999998,-0.30663866666666667,1.0285065002333333,0.3109949441404618,3
2.2250000000000005,1.175,0.8750000000000002,-0.8536893333333334,0.40046306666666664,0.14079944666666663,1.000026873733333,0.34145622917888085,3
2.2250000000000005,1.0750000000000002,0.9250000000000002,-0.7477533333333333,0.18197200000000002,-0.09374406666666668,0.827759505,0.2565491386120876,3
2.2750000000000004,0.9750000000000002,0.6250000000000001,-0.787073,-0.4934336666666666,0.12778766666666666,0.9784683316333332,0.254211946774914,3
2.2750000000000004,1.0750000000000002,0.6750000000000002,-1.2104696666666668,-0.12492333333333334,-0.323598,1.2925814293333333,0.15780194875539158,3
2.2750000000000004,0.8250000000000002,0.7250000000000002,-0.9972563333333332,-0.00972913333333334,0.26327666666666666,1.0391452421666667,0.2935725357672937,3
2.2750000000000004,0.9750000000000002,0.7250000000000002,-0.90355725,0.5381147500000001,0.25806515500000005,1.18825311605,0.43697138235920596,4
2.2750000000000004,1.0750000000000002,0.7250000000000002,-1.2638866666666666,0.15434083333333334,-0.4921053333333334,1.4022954400000003,0.054856671057786396,3
2.2750000000000004,1.0750000000000002,0.7750000000000001,-1.15372075,0.30086874999999996,-0.42897569999999996,1.29485041865,0.26123803284771,4
2.2750000000000004,1.1250000000000002,0.7750000000000001,-0.991179,0.26251225,-0.341072775,1.12669639875,0.08407715106864137,4
2.2750000000000004,0.9750000000000002,0.8250000000000002,-1.2525385,0.42595324999999995,-0.08462383125,1.392703341875,0.10793220570013265,8
2.2750000000000004,1.1250000000000002,0.8250000000000002,-0.77489075,0.50023925,-0.4963073,1.112381388125,0.31141071147474053,4
2.2750000000000004,0.9750000000000002,0.8750000000000002,-0.8634378,0.25499614000000004,0.25052202,0.99214561592,0.23737349280745,5
2.2750000000000004,1.0750000000000002,0.8750000000000002,-0.6566642500000001,0.46319025,0.001836499999999991,0.8713423908250001,0.07322490781724868,4
2.2750000000000004,1.1250000000000002,0.8750000000000002,-0.56853525,0.20011102500000003,0.11283212499999998,0.7377952909500001,0.35392031966732207,4
2.325,1.0250000000000001,0.6750000000000002,-0.5915389999999999,-0.30253033333333335,-0.2188561,0.7256868033333332,0.17583877063419293,3
2.325,1.0750000000000002,0.6750000000000002,-1.26005175,-0.08489942499999999,-0.33416725,1.3607664525,0.22762898894748917,4
2.325,1.1250000000000002,0.6750000000000002,-1.1923983333333332,-0.01618493333333333,-0.206313347,1.2237693193333332,0.14393618843355122,3
2.325,1.175,0.7250000000000002,-0.9702653333333333,0.21838033333333332,-0.495319,1.1560679316666664,0.06498868314062894,3
2.325,0.8250000000000002,0.7750000000000001,-0.85719225,-0.019496350000000006,0.30296265,0.947601379075,0.5707271103142797,4
2.325,0.8750000000000002,0.7750000000000001,-1.0869454,0.32584838,0.279609946,1.2163628205400001,0.18668189380726133,5
2.325,1.0250000000000001,0.7750000000000001,-1.0780993333333333,0.4107623333333333,-0.21109186666666668,1.1825216466666666,0.07662832585944497,3
2.325,1.0750000000000002,0.7750000000000001,-1.1587604999999999,0.4240542500000001,-0.1310936,1.24706709225,0.11324131769939391,4
2.325,0.8750000000000002,0.8250000000000002,-1.1467986666666665,0.1978227,0.16206473333333335,1.2034626503333332,0.21355428142382757,3
2.325,0.9750000000000002,0.8250000000000002,-1.068478,0.40933975,0.16142905000000002,1.2139378365,0.03427343447322496,4
2.325,1.0250000000000001,0.8250000000000002,-1.3153799999999998,0.6102639999999999,0.0731495425,1.45880599625,0.052002641973452786,4
2.325,1.1250000000000002,0.8250000000000002,-0.9707364999999998,0.32525983333333336,-0.22774893333333335,1.0908934394999998,0.08186358236659412,6
2.3750000000000004,0.9250000000000002,0.5750000000000002,-1.3481433333333335,-0.47831033333333334,0.2337663,1.4751716303333333,0.08542154783572324,3
2.3750000000000004,1.0250000000000001,0.7250000000000002,-0.603512,0.3954964,-0.29328254,0.8861826630399999,0.28426160281225543,5
2.3750000000000004,1.0750000000000002,0.7250000000000002,-0.8837638,0.0542667,-0.5194844,1.04776584568,0.28532029397195874,5
2.3750000000000004,1.175,0.7250000000000002,-1.23974,0.005023000000000007,-0.4463375,1.356027029,0.15639634698528548,4
2.3750000000000004,0.8250000000000002,0.7750000000000001,-0.8657353333333333,-0.05454599999999998,-0.16672639999999997,0.9129364341,0.14358054124676012,3
2.3750000000000004,0.9250000000000002,0.7750000000000001,-1.387568,0.44752859999999994,0.09464604000000001,1.5001754658,0.05686855640089892,5
2.3750000000000004,1.0750000000000002,0.7750000000000001,-1.0204992499999999,0.27120900000000003,-0.5248105,1.22670484775,0.137094404736615,4
2.3750000000000004,0.9250000000000002,0.8250000000000002,-1.07309225,0.41068925,-0.31182424999999997,1.2172013645000002,0.2450206173651816,4
2.3750000000000004,1.0250000000000001,0.8250000000000002,-1.2272433333333332,0.592897,-0.14901733333333333,1.4691895633333332,0.13274145168041,3
2.3750000000000004,1.1250000000000002,0.8250000000000002,-1.1679575,0.48464775,0.038300675000000006,1.3006292605,0.16894607252397287,4
2.3750000000000004,1.0250000000000001,0.8750000000000002,-1.2302733333333333,0.3429829666666666,0.10978713333333334,1.3206324786666668,0.12414875339336931,3
2.3750000000000004,1.0750000000000002,0.8750000000000002,-0.954812,0.30633875,-0.19393007499999998,1.059702671675,0.10761574518935393,4
2.4250000000000003,1.0750000000000002,0.7250000000000002,-0.9054706666666666,0.3090003333333334,-0.2635963666666667,1.0332078958,0.303821540952734,3
2.4250000000000003,1.1250000000000002,0.7250000000000002,-1.1960019999999998,-0.003439819999999999,-0.7310668,1.416249825,0.07026404825512192,5
2.4250000000000003,0.8250000000000002,0.7750000000000001,-0.7963616666666665,0.08985566666666667,0.38549810999999995,0.9388289076666667,0.1806264366944798,3
2.4250000000000003,0.8750000000000002,0.7750000000000001,-1.3011960000000002,0.2582574,0.12425802000000001,1.355442638,0.1350467158457898,5
2.4250000000000003,0.9750000000000002,0.7750000000000001,-1.2696399999999999,0.6754049999999999,-0.10031226666666666,1.4751798740000002,0.07871674089245739,3
2.4250000000000003,1.1250000000000002,0.7750000000000001,-1.1336712000000002,0.250542,-0.2458228,1.2253328614799999,0.19126701509715674,5
2.4250000000000003,1.175,0.7750000000000001,-1.0547873333333333,0.24311766666666668,-0.327073,1.162420937,0.09059052637661105,3
2.4250000000000003,0.8750000000000002,0.8250000000000002,-0.8892326666666667,0.243297,-0.018204456666666664,1.0031123071666668,0.338198442819311,3
2.4250000000000003,0.9250000000000002,0.8250000000000002,-1.30086,0.2714461333333333,0.32951063333333336,1.4394993593333332,0.12319796870442172,3
2.4250000000000003,0.9750000000000002,0.8250000000000002,-1.2170260000000002,0.3865508,-0.03966779999999999,1.3465242839,0.15329343192114517,5
2.4250000000000003,1.0250000000000001,0.8250000000000002,-1.1891316666666667,0.4802815,0.12824729999999998,1.3080478303,0.15567770731269617,6
2.4250000000000003,1.1250000000000002,0.8250000000000002,-1.07888,0.2853006666666667,-0.28267166666666665,1.176579083,0.04779418475072169,3
2.4250000000000003,0.9250000000000002,0.8750000000000002,-0.8077102500000001,0.06357115,-0.13725085,0.9231594831500001,0.25113448183724313,4
2.4750000000000005,1.0250000000000001,0.6250000000000001,-0.5249626666666667,-0.577642,-0.35545333333333334,0.9824455874666667,0.14403316208186295,3
2.4750000000000005,1.1250000000000002,0.6750000000000002,-1.145488,0.12489496666666668,-0.612659,1.3234388003333333,0.14158316847190297,3
2.4750000000000005,0.9250000000000002,0.7250000000000002,-0.6940179999999999,0.4172903333333333,0.29247799999999996,0.8724879123333333,0.015864282301489178,3
2.4750000000000005,0.8750000000000002,0.7750000000000001,-1.3246619999999998,0.3224358,0.20734170000000005,1.4022453842,0.08811981755956091,5
2.4750000000000005,1.0250000000000001,0.7750000000000001,-1.1835700000000002,0.566578,0.04835366666666666,1.3356696709999998,0.0741734642997352,3
2.4750000000000005,1.1250000000000002,0.7750000000000001,-1.2513133333333333,0.21218296666666667,-0.4942393333333333,1.373576225,0.09129370041313044,3
2.4750000000000005,0.8750000000000002,0.8250000000000002,-1.187018,0.26097433333333336,0.14191766666666664,1.2401304376333335,0.2222863432359632,3
2.4750000000000005,0.9250000000000002,0.8250000000000002,-1.33641,0.3166866666666666,0.1740533333333333,1.3904145073333332,0.17074975767606562,3
2.4750000000000005,0.9250000000000002,0.8750000000000002,-0.87473675,0.195432975,-0.008714274999999994,0.920747760375,0.36813426507886116,4
2.4750000000000005,1.0250000000000001,0.8750000000000002,-1.2080616666666666,0.473843,0.031147333333333322,1.3685661503333335,0.10840174548445272,3
2.4750000000000005,1.0750000000000002,0.8750000000000002,-0.5205873333333333,0.2836767333333333,-0.028208499999999987,0.6640431808999999,0.24539482192559608,3
2.5250000000000004,0.8750000000000002,0.7250000000000002,-1.4053999999999998,0.25675875000000004,0.703089,1.6214390879999998,0.0804981797973249,4
2.5250000000000004,1.1250000000000002,0.7250000000000002,-1.19170825,0.008656275000000008,-0.20194182499999996,1.247147969225,0.26761982487947933,4
2.5250000000000004,0.9250000000000002,0.7750000000000001,-1.3476925,0.33202124999999993,0.8658049999999999,1.6683673622500002,0.2661564677591213,4
2.5250000000000004,0.9750000000000002,0.7750000000000001,-1.1867697499999998,0.36448925,0.351839705,1.3259466235000001,0.13199484221155555,4
2.5250000000000004,0.8750000000000002,0.8250000000000002,-1.2623333333333333,0.232233,-0.10051333333333334,1.358135996,0.18502575464647167,3
2.5250000000000004,0.9250000000000002,0.8750000000000002,-0.8162896666666667,0.380418,-0.25217507999999994,0.9763061216666666,0.06858576336870725,3
